"2252";"[]";"Petits Prés";"00:10"
"2252";"[]";"Petits Prés";"06:02"
"2252";"[]";"Petits Prés";"06:32"
"2252";"[]";"Petits Prés";"06:47"
"2252";"[]";"Petits Prés";"07:01"
"2252";"[]";"Petits Prés";"07:12"
"2252";"[]";"Petits Prés";"07:19"
"2252";"[]";"Petits Prés";"07:31"
"2252";"[]";"Petits Prés";"07:44"
"2252";"[]";"Petits Prés";"07:47"
"2252";"[]";"Petits Prés";"08:00"
"2252";"[]";"Petits Prés";"08:01"
"2252";"[]";"Petits Prés";"08:11"
"2252";"[]";"Petits Prés";"08:14"
"2252";"[]";"Petits Prés";"08:31"
"2252";"[]";"Petits Prés";"08:44"
"2252";"[]";"Petits Prés";"08:46"
"2252";"[]";"Petits Prés";"09:00"
"2252";"[]";"Petits Prés";"09:14"
"2252";"[]";"Petits Prés";"09:44"
"2252";"[]";"Petits Prés";"09:46"
"2252";"[]";"Petits Prés";"10:16"
"2252";"[]";"Petits Prés";"10:44"
"2252";"[]";"Petits Prés";"11:09"
"2252";"[]";"Petits Prés";"11:14"
"2252";"[]";"Petits Prés";"11:44"
"2252";"[]";"Petits Prés";"12:09"
"2252";"[]";"Petits Prés";"12:37"
"2252";"[]";"Petits Prés";"12:44"
"2252";"[]";"Petits Prés";"13:00"
"2252";"[]";"Petits Prés";"13:06"
"2252";"[]";"Petits Prés";"13:07"
"2252";"[]";"Petits Prés";"13:37"
"2252";"[]";"Petits Prés";"14:06"
"2252";"[]";"Petits Prés";"14:37"
"2252";"[]";"Petits Prés";"15:06"
"2252";"[]";"Petits Prés";"15:36"
"2252";"[]";"Petits Prés";"15:37"
"2252";"[]";"Petits Prés";"16:06"
"2252";"[]";"Petits Prés";"16:25"
"2252";"[]";"Petits Prés";"17:06"
"2252";"[]";"Petits Prés";"17:07"
"2252";"[]";"Petits Prés";"17:27"
"2252";"[]";"Petits Prés";"17:37"
"2252";"[]";"Petits Prés";"17:57"
"2252";"[]";"Petits Prés";"18:06"
"2252";"[]";"Petits Prés";"18:07"
"2252";"[]";"Petits Prés";"18:22"
"2252";"[]";"Petits Prés";"18:36"
"2252";"[]";"Petits Prés";"18:37"
"2252";"[]";"Petits Prés";"18:52"
"2252";"[]";"Petits Prés";"19:06"
"2252";"[]";"Petits Prés";"19:08"
"2252";"[]";"Petits Prés";"19:22"
"2252";"[]";"Petits Prés";"19:37"
"2252";"[]";"Petits Prés";"20:06"
"2252";"[]";"Petits Prés";"20:38"
"2252";"[]";"Petits Prés";"21:06"
"2252";"[]";"Petits Prés";"21:08"
"2252";"[]";"Petits Prés";"21:40"
"2252";"[]";"Petits Prés";"22:10"
"2252";"[]";"Petits Prés";"22:40"
"2252";"[]";"Petits Prés";"23:10"
"2252";"[]";"Petits Prés";"23:40"
"2252";"[]";"Petits Prés";"24:10"
