"270";"[]";"La Cerisaie";"00:25"
"270";"[]";"La Cerisaie";"00:40"
"270";"[]";"La Cerisaie";"00:45"
"270";"[]";"La Cerisaie";"00:55"
"270";"[]";"La Cerisaie";"01:00"
"270";"[]";"La Cerisaie";"01:05"
"270";"[]";"La Cerisaie";"01:10"
"270";"[]";"La Cerisaie";"01:20"
"270";"[]";"La Cerisaie";"01:25"
"270";"[]";"La Cerisaie";"01:40"
"270";"[]";"La Cerisaie";"04:52"
"270";"[]";"La Cerisaie";"05:15"
"270";"[]";"La Cerisaie";"05:22"
"270";"[]";"La Cerisaie";"05:25"
"270";"[]";"La Cerisaie";"05:35"
"270";"[]";"La Cerisaie";"05:40"
"270";"[]";"La Cerisaie";"05:45"
"270";"[]";"La Cerisaie";"05:52"
"270";"[]";"La Cerisaie";"05:55"
"270";"[]";"La Cerisaie";"06:00"
"270";"[]";"La Cerisaie";"06:04"
"270";"[]";"La Cerisaie";"06:05"
"270";"[]";"La Cerisaie";"06:15"
"270";"[]";"La Cerisaie";"06:16"
"270";"[]";"La Cerisaie";"06:20"
"270";"[]";"La Cerisaie";"06:25"
"270";"[]";"La Cerisaie";"06:29"
"270";"[]";"La Cerisaie";"06:35"
"270";"[]";"La Cerisaie";"06:37"
"270";"[]";"La Cerisaie";"06:40"
"270";"[]";"La Cerisaie";"06:45"
"270";"[]";"La Cerisaie";"06:49"
"270";"[]";"La Cerisaie";"06:55"
"270";"[]";"La Cerisaie";"06:57"
"270";"[]";"La Cerisaie";"07:00"
"270";"[]";"La Cerisaie";"07:05"
"270";"[]";"La Cerisaie";"07:09"
"270";"[]";"La Cerisaie";"07:15"
"270";"[]";"La Cerisaie";"07:16"
"270";"[]";"La Cerisaie";"07:20"
"270";"[]";"La Cerisaie";"07:25"
"270";"[]";"La Cerisaie";"07:29"
"270";"[]";"La Cerisaie";"07:30"
"270";"[]";"La Cerisaie";"07:35"
"270";"[]";"La Cerisaie";"07:37"
"270";"[]";"La Cerisaie";"07:40"
"270";"[]";"La Cerisaie";"07:45"
"270";"[]";"La Cerisaie";"07:46"
"270";"[]";"La Cerisaie";"07:49"
"270";"[]";"La Cerisaie";"07:55"
"270";"[]";"La Cerisaie";"08:00"
"270";"[]";"La Cerisaie";"08:05"
"270";"[]";"La Cerisaie";"08:09"
"270";"[]";"La Cerisaie";"08:15"
"270";"[]";"La Cerisaie";"08:17"
"270";"[]";"La Cerisaie";"08:20"
"270";"[]";"La Cerisaie";"08:22"
"270";"[]";"La Cerisaie";"08:25"
"270";"[]";"La Cerisaie";"08:30"
"270";"[]";"La Cerisaie";"08:31"
"270";"[]";"La Cerisaie";"08:35"
"270";"[]";"La Cerisaie";"08:40"
"270";"[]";"La Cerisaie";"08:42"
"270";"[]";"La Cerisaie";"08:45"
"270";"[]";"La Cerisaie";"08:47"
"270";"[]";"La Cerisaie";"08:51"
"270";"[]";"La Cerisaie";"08:55"
"270";"[]";"La Cerisaie";"09:00"
"270";"[]";"La Cerisaie";"09:03"
"270";"[]";"La Cerisaie";"09:05"
"270";"[]";"La Cerisaie";"09:11"
"270";"[]";"La Cerisaie";"09:15"
"270";"[]";"La Cerisaie";"09:17"
"270";"[]";"La Cerisaie";"09:20"
"270";"[]";"La Cerisaie";"09:24"
"270";"[]";"La Cerisaie";"09:25"
"270";"[]";"La Cerisaie";"09:30"
"270";"[]";"La Cerisaie";"09:31"
"270";"[]";"La Cerisaie";"09:32"
"270";"[]";"La Cerisaie";"09:35"
"270";"[]";"La Cerisaie";"09:40"
"270";"[]";"La Cerisaie";"09:45"
"270";"[]";"La Cerisaie";"09:46"
"270";"[]";"La Cerisaie";"09:47"
"270";"[]";"La Cerisaie";"09:51"
"270";"[]";"La Cerisaie";"09:55"
"270";"[]";"La Cerisaie";"10:00"
"270";"[]";"La Cerisaie";"10:04"
"270";"[]";"La Cerisaie";"10:05"
"270";"[]";"La Cerisaie";"10:10"
"270";"[]";"La Cerisaie";"10:11"
"270";"[]";"La Cerisaie";"10:15"
"270";"[]";"La Cerisaie";"10:16"
"270";"[]";"La Cerisaie";"10:24"
"270";"[]";"La Cerisaie";"10:25"
"270";"[]";"La Cerisaie";"10:30"
"270";"[]";"La Cerisaie";"10:31"
"270";"[]";"La Cerisaie";"10:35"
"270";"[]";"La Cerisaie";"10:40"
"270";"[]";"La Cerisaie";"10:44"
"270";"[]";"La Cerisaie";"10:45"
"270";"[]";"La Cerisaie";"10:51"
"270";"[]";"La Cerisaie";"10:55"
"270";"[]";"La Cerisaie";"11:00"
"270";"[]";"La Cerisaie";"11:04"
"270";"[]";"La Cerisaie";"11:05"
"270";"[]";"La Cerisaie";"11:10"
"270";"[]";"La Cerisaie";"11:11"
"270";"[]";"La Cerisaie";"11:15"
"270";"[]";"La Cerisaie";"11:24"
"270";"[]";"La Cerisaie";"11:25"
"270";"[]";"La Cerisaie";"11:30"
"270";"[]";"La Cerisaie";"11:31"
"270";"[]";"La Cerisaie";"11:35"
"270";"[]";"La Cerisaie";"11:40"
"270";"[]";"La Cerisaie";"11:43"
"270";"[]";"La Cerisaie";"11:45"
"270";"[]";"La Cerisaie";"11:51"
"270";"[]";"La Cerisaie";"11:55"
"270";"[]";"La Cerisaie";"12:00"
"270";"[]";"La Cerisaie";"12:03"
"270";"[]";"La Cerisaie";"12:05"
"270";"[]";"La Cerisaie";"12:10"
"270";"[]";"La Cerisaie";"12:11"
"270";"[]";"La Cerisaie";"12:15"
"270";"[]";"La Cerisaie";"12:23"
"270";"[]";"La Cerisaie";"12:25"
"270";"[]";"La Cerisaie";"12:30"
"270";"[]";"La Cerisaie";"12:32"
"270";"[]";"La Cerisaie";"12:35"
"270";"[]";"La Cerisaie";"12:40"
"270";"[]";"La Cerisaie";"12:43"
"270";"[]";"La Cerisaie";"12:45"
"270";"[]";"La Cerisaie";"12:52"
"270";"[]";"La Cerisaie";"12:55"
"270";"[]";"La Cerisaie";"13:00"
"270";"[]";"La Cerisaie";"13:03"
"270";"[]";"La Cerisaie";"13:05"
"270";"[]";"La Cerisaie";"13:10"
"270";"[]";"La Cerisaie";"13:12"
"270";"[]";"La Cerisaie";"13:15"
"270";"[]";"La Cerisaie";"13:23"
"270";"[]";"La Cerisaie";"13:25"
"270";"[]";"La Cerisaie";"13:30"
"270";"[]";"La Cerisaie";"13:34"
"270";"[]";"La Cerisaie";"13:35"
"270";"[]";"La Cerisaie";"13:40"
"270";"[]";"La Cerisaie";"13:43"
"270";"[]";"La Cerisaie";"13:45"
"270";"[]";"La Cerisaie";"13:55"
"270";"[]";"La Cerisaie";"13:56"
"270";"[]";"La Cerisaie";"14:00"
"270";"[]";"La Cerisaie";"14:03"
"270";"[]";"La Cerisaie";"14:05"
"270";"[]";"La Cerisaie";"14:10"
"270";"[]";"La Cerisaie";"14:15"
"270";"[]";"La Cerisaie";"14:16"
"270";"[]";"La Cerisaie";"14:23"
"270";"[]";"La Cerisaie";"14:25"
"270";"[]";"La Cerisaie";"14:30"
"270";"[]";"La Cerisaie";"14:35"
"270";"[]";"La Cerisaie";"14:36"
"270";"[]";"La Cerisaie";"14:40"
"270";"[]";"La Cerisaie";"14:42"
"270";"[]";"La Cerisaie";"14:45"
"270";"[]";"La Cerisaie";"14:46"
"270";"[]";"La Cerisaie";"14:55"
"270";"[]";"La Cerisaie";"14:56"
"270";"[]";"La Cerisaie";"15:00"
"270";"[]";"La Cerisaie";"15:02"
"270";"[]";"La Cerisaie";"15:05"
"270";"[]";"La Cerisaie";"15:15"
"270";"[]";"La Cerisaie";"15:16"
"270";"[]";"La Cerisaie";"15:17"
"270";"[]";"La Cerisaie";"15:22"
"270";"[]";"La Cerisaie";"15:25"
"270";"[]";"La Cerisaie";"15:30"
"270";"[]";"La Cerisaie";"15:35"
"270";"[]";"La Cerisaie";"15:37"
"270";"[]";"La Cerisaie";"15:42"
"270";"[]";"La Cerisaie";"15:45"
"270";"[]";"La Cerisaie";"15:47"
"270";"[]";"La Cerisaie";"15:50"
"270";"[]";"La Cerisaie";"15:57"
"270";"[]";"La Cerisaie";"16:00"
"270";"[]";"La Cerisaie";"16:02"
"270";"[]";"La Cerisaie";"16:05"
"270";"[]";"La Cerisaie";"16:10"
"270";"[]";"La Cerisaie";"16:17"
"270";"[]";"La Cerisaie";"16:23"
"270";"[]";"La Cerisaie";"16:25"
"270";"[]";"La Cerisaie";"16:30"
"270";"[]";"La Cerisaie";"16:35"
"270";"[]";"La Cerisaie";"16:37"
"270";"[]";"La Cerisaie";"16:45"
"270";"[]";"La Cerisaie";"16:47"
"270";"[]";"La Cerisaie";"16:49"
"270";"[]";"La Cerisaie";"16:55"
"270";"[]";"La Cerisaie";"16:58"
"270";"[]";"La Cerisaie";"17:00"
"270";"[]";"La Cerisaie";"17:05"
"270";"[]";"La Cerisaie";"17:13"
"270";"[]";"La Cerisaie";"17:15"
"270";"[]";"La Cerisaie";"17:17"
"270";"[]";"La Cerisaie";"17:18"
"270";"[]";"La Cerisaie";"17:25"
"270";"[]";"La Cerisaie";"17:30"
"270";"[]";"La Cerisaie";"17:35"
"270";"[]";"La Cerisaie";"17:38"
"270";"[]";"La Cerisaie";"17:45"
"270";"[]";"La Cerisaie";"17:47"
"270";"[]";"La Cerisaie";"17:55"
"270";"[]";"La Cerisaie";"17:58"
"270";"[]";"La Cerisaie";"18:00"
"270";"[]";"La Cerisaie";"18:05"
"270";"[]";"La Cerisaie";"18:15"
"270";"[]";"La Cerisaie";"18:17"
"270";"[]";"La Cerisaie";"18:18"
"270";"[]";"La Cerisaie";"18:25"
"270";"[]";"La Cerisaie";"18:30"
"270";"[]";"La Cerisaie";"18:35"
"270";"[]";"La Cerisaie";"18:38"
"270";"[]";"La Cerisaie";"18:45"
"270";"[]";"La Cerisaie";"18:55"
"270";"[]";"La Cerisaie";"18:58"
"270";"[]";"La Cerisaie";"19:00"
"270";"[]";"La Cerisaie";"19:05"
"270";"[]";"La Cerisaie";"19:14"
"270";"[]";"La Cerisaie";"19:15"
"270";"[]";"La Cerisaie";"19:18"
"270";"[]";"La Cerisaie";"19:25"
"270";"[]";"La Cerisaie";"19:30"
"270";"[]";"La Cerisaie";"19:35"
"270";"[]";"La Cerisaie";"19:36"
"270";"[]";"La Cerisaie";"19:40"
"270";"[]";"La Cerisaie";"19:43"
"270";"[]";"La Cerisaie";"19:50"
"270";"[]";"La Cerisaie";"19:55"
"270";"[]";"La Cerisaie";"19:56"
"270";"[]";"La Cerisaie";"20:00"
"270";"[]";"La Cerisaie";"20:07"
"270";"[]";"La Cerisaie";"20:10"
"270";"[]";"La Cerisaie";"20:13"
"270";"[]";"La Cerisaie";"20:15"
"270";"[]";"La Cerisaie";"20:19"
"270";"[]";"La Cerisaie";"20:24"
"270";"[]";"La Cerisaie";"20:25"
"270";"[]";"La Cerisaie";"20:30"
"270";"[]";"La Cerisaie";"20:35"
"270";"[]";"La Cerisaie";"20:40"
"270";"[]";"La Cerisaie";"20:41"
"270";"[]";"La Cerisaie";"20:43"
"270";"[]";"La Cerisaie";"20:45"
"270";"[]";"La Cerisaie";"20:55"
"270";"[]";"La Cerisaie";"21:05"
"270";"[]";"La Cerisaie";"21:10"
"270";"[]";"La Cerisaie";"21:15"
"270";"[]";"La Cerisaie";"21:25"
"270";"[]";"La Cerisaie";"21:30"
"270";"[]";"La Cerisaie";"21:35"
"270";"[]";"La Cerisaie";"21:40"
"270";"[]";"La Cerisaie";"21:45"
"270";"[]";"La Cerisaie";"21:55"
"270";"[]";"La Cerisaie";"22:00"
"270";"[]";"La Cerisaie";"22:05"
"270";"[]";"La Cerisaie";"22:14"
"270";"[]";"La Cerisaie";"22:15"
"270";"[]";"La Cerisaie";"22:20"
"270";"[]";"La Cerisaie";"22:25"
"270";"[]";"La Cerisaie";"22:30"
"270";"[]";"La Cerisaie";"22:40"
"270";"[]";"La Cerisaie";"22:43"
"270";"[]";"La Cerisaie";"22:45"
"270";"[]";"La Cerisaie";"23:00"
"270";"[]";"La Cerisaie";"23:05"
"270";"[]";"La Cerisaie";"23:13"
"270";"[]";"La Cerisaie";"23:15"
"270";"[]";"La Cerisaie";"23:20"
"270";"[]";"La Cerisaie";"23:25"
"270";"[]";"La Cerisaie";"23:40"
"270";"[]";"La Cerisaie";"23:45"
"270";"[]";"La Cerisaie";"24:00"
"270";"[]";"La Cerisaie";"24:05"
"270";"[]";"La Cerisaie";"24:20"
