"H";"[]";"Gare d'Ermont Eaubonne";"00:20"
"H";"[]";"Gare d'Ermont Eaubonne";"00:21"
"H";"[]";"Gare d'Ermont Eaubonne";"00:22"
"H";"[]";"Gare d'Ermont Eaubonne";"00:50"
"H";"[]";"Gare d'Ermont Eaubonne";"00:51"
"H";"[]";"Gare d'Ermont Eaubonne";"00:52"
"H";"[]";"Gare d'Ermont Eaubonne";"00:58"
"H";"[]";"Gare d'Ermont Eaubonne";"01:20"
"H";"[]";"Gare d'Ermont Eaubonne";"01:21"
"H";"[]";"Gare d'Ermont Eaubonne";"01:22"
"H";"[]";"Gare d'Ermont Eaubonne";"01:28"
"H";"[]";"Gare d'Ermont Eaubonne";"01:58"
"H";"[]";"Gare d'Ermont Eaubonne";"02:02"
"H";"[]";"Gare d'Ermont Eaubonne";"02:03"
"H";"[]";"Gare d'Ermont Eaubonne";"02:13"
"H";"[]";"Gare d'Ermont Eaubonne";"05:06"
"H";"[]";"Gare d'Ermont Eaubonne";"05:22"
"H";"[]";"Gare d'Ermont Eaubonne";"05:37"
"H";"[]";"Gare d'Ermont Eaubonne";"05:42"
"H";"[]";"Gare d'Ermont Eaubonne";"05:49"
"H";"[]";"Gare d'Ermont Eaubonne";"05:52"
"H";"[]";"Gare d'Ermont Eaubonne";"06:02"
"H";"[]";"Gare d'Ermont Eaubonne";"06:08"
"H";"[]";"Gare d'Ermont Eaubonne";"06:09"
"H";"[]";"Gare d'Ermont Eaubonne";"06:19"
"H";"[]";"Gare d'Ermont Eaubonne";"06:20"
"H";"[]";"Gare d'Ermont Eaubonne";"06:23"
"H";"[]";"Gare d'Ermont Eaubonne";"06:28"
"H";"[]";"Gare d'Ermont Eaubonne";"06:36"
"H";"[]";"Gare d'Ermont Eaubonne";"06:43"
"H";"[]";"Gare d'Ermont Eaubonne";"06:44"
"H";"[]";"Gare d'Ermont Eaubonne";"06:45"
"H";"[]";"Gare d'Ermont Eaubonne";"06:47"
"H";"[]";"Gare d'Ermont Eaubonne";"06:49"
"H";"[]";"Gare d'Ermont Eaubonne";"06:55"
"H";"[]";"Gare d'Ermont Eaubonne";"07:03"
"H";"[]";"Gare d'Ermont Eaubonne";"07:05"
"H";"[]";"Gare d'Ermont Eaubonne";"07:06"
"H";"[]";"Gare d'Ermont Eaubonne";"07:11"
"H";"[]";"Gare d'Ermont Eaubonne";"07:19"
"H";"[]";"Gare d'Ermont Eaubonne";"07:23"
"H";"[]";"Gare d'Ermont Eaubonne";"07:25"
"H";"[]";"Gare d'Ermont Eaubonne";"07:26"
"H";"[]";"Gare d'Ermont Eaubonne";"07:31"
"H";"[]";"Gare d'Ermont Eaubonne";"07:39"
"H";"[]";"Gare d'Ermont Eaubonne";"07:47"
"H";"[]";"Gare d'Ermont Eaubonne";"07:49"
"H";"[]";"Gare d'Ermont Eaubonne";"07:52"
"H";"[]";"Gare d'Ermont Eaubonne";"08:00"
"H";"[]";"Gare d'Ermont Eaubonne";"08:07"
"H";"[]";"Gare d'Ermont Eaubonne";"08:08"
"H";"[]";"Gare d'Ermont Eaubonne";"08:12"
"H";"[]";"Gare d'Ermont Eaubonne";"08:16"
"H";"[]";"Gare d'Ermont Eaubonne";"08:19"
"H";"[]";"Gare d'Ermont Eaubonne";"08:20"
"H";"[]";"Gare d'Ermont Eaubonne";"08:22"
"H";"[]";"Gare d'Ermont Eaubonne";"08:27"
"H";"[]";"Gare d'Ermont Eaubonne";"08:31"
"H";"[]";"Gare d'Ermont Eaubonne";"08:35"
"H";"[]";"Gare d'Ermont Eaubonne";"08:40"
"H";"[]";"Gare d'Ermont Eaubonne";"08:46"
"H";"[]";"Gare d'Ermont Eaubonne";"08:47"
"H";"[]";"Gare d'Ermont Eaubonne";"08:50"
"H";"[]";"Gare d'Ermont Eaubonne";"08:54"
"H";"[]";"Gare d'Ermont Eaubonne";"08:59"
"H";"[]";"Gare d'Ermont Eaubonne";"09:02"
"H";"[]";"Gare d'Ermont Eaubonne";"09:05"
"H";"[]";"Gare d'Ermont Eaubonne";"09:07"
"H";"[]";"Gare d'Ermont Eaubonne";"09:10"
"H";"[]";"Gare d'Ermont Eaubonne";"09:15"
"H";"[]";"Gare d'Ermont Eaubonne";"09:20"
"H";"[]";"Gare d'Ermont Eaubonne";"09:23"
"H";"[]";"Gare d'Ermont Eaubonne";"09:27"
"H";"[]";"Gare d'Ermont Eaubonne";"09:29"
"H";"[]";"Gare d'Ermont Eaubonne";"09:37"
"H";"[]";"Gare d'Ermont Eaubonne";"09:39"
"H";"[]";"Gare d'Ermont Eaubonne";"09:45"
"H";"[]";"Gare d'Ermont Eaubonne";"09:48"
"H";"[]";"Gare d'Ermont Eaubonne";"09:50"
"H";"[]";"Gare d'Ermont Eaubonne";"09:52"
"H";"[]";"Gare d'Ermont Eaubonne";"10:00"
"H";"[]";"Gare d'Ermont Eaubonne";"10:01"
"H";"[]";"Gare d'Ermont Eaubonne";"10:08"
"H";"[]";"Gare d'Ermont Eaubonne";"10:13"
"H";"[]";"Gare d'Ermont Eaubonne";"10:21"
"H";"[]";"Gare d'Ermont Eaubonne";"10:26"
"H";"[]";"Gare d'Ermont Eaubonne";"10:27"
"H";"[]";"Gare d'Ermont Eaubonne";"10:28"
"H";"[]";"Gare d'Ermont Eaubonne";"10:39"
"H";"[]";"Gare d'Ermont Eaubonne";"10:49"
"H";"[]";"Gare d'Ermont Eaubonne";"10:51"
"H";"[]";"Gare d'Ermont Eaubonne";"10:52"
"H";"[]";"Gare d'Ermont Eaubonne";"10:56"
"H";"[]";"Gare d'Ermont Eaubonne";"11:05"
"H";"[]";"Gare d'Ermont Eaubonne";"11:08"
"H";"[]";"Gare d'Ermont Eaubonne";"11:18"
"H";"[]";"Gare d'Ermont Eaubonne";"11:21"
"H";"[]";"Gare d'Ermont Eaubonne";"11:23"
"H";"[]";"Gare d'Ermont Eaubonne";"11:26"
"H";"[]";"Gare d'Ermont Eaubonne";"11:27"
"H";"[]";"Gare d'Ermont Eaubonne";"11:31"
"H";"[]";"Gare d'Ermont Eaubonne";"11:39"
"H";"[]";"Gare d'Ermont Eaubonne";"11:42"
"H";"[]";"Gare d'Ermont Eaubonne";"11:44"
"H";"[]";"Gare d'Ermont Eaubonne";"11:53"
"H";"[]";"Gare d'Ermont Eaubonne";"11:56"
"H";"[]";"Gare d'Ermont Eaubonne";"11:57"
"H";"[]";"Gare d'Ermont Eaubonne";"12:01"
"H";"[]";"Gare d'Ermont Eaubonne";"12:08"
"H";"[]";"Gare d'Ermont Eaubonne";"12:10"
"H";"[]";"Gare d'Ermont Eaubonne";"12:21"
"H";"[]";"Gare d'Ermont Eaubonne";"12:23"
"H";"[]";"Gare d'Ermont Eaubonne";"12:27"
"H";"[]";"Gare d'Ermont Eaubonne";"12:36"
"H";"[]";"Gare d'Ermont Eaubonne";"12:38"
"H";"[]";"Gare d'Ermont Eaubonne";"12:41"
"H";"[]";"Gare d'Ermont Eaubonne";"12:49"
"H";"[]";"Gare d'Ermont Eaubonne";"12:53"
"H";"[]";"Gare d'Ermont Eaubonne";"12:56"
"H";"[]";"Gare d'Ermont Eaubonne";"13:01"
"H";"[]";"Gare d'Ermont Eaubonne";"13:02"
"H";"[]";"Gare d'Ermont Eaubonne";"13:08"
"H";"[]";"Gare d'Ermont Eaubonne";"13:15"
"H";"[]";"Gare d'Ermont Eaubonne";"13:21"
"H";"[]";"Gare d'Ermont Eaubonne";"13:27"
"H";"[]";"Gare d'Ermont Eaubonne";"13:28"
"H";"[]";"Gare d'Ermont Eaubonne";"13:38"
"H";"[]";"Gare d'Ermont Eaubonne";"13:41"
"H";"[]";"Gare d'Ermont Eaubonne";"13:53"
"H";"[]";"Gare d'Ermont Eaubonne";"13:54"
"H";"[]";"Gare d'Ermont Eaubonne";"13:56"
"H";"[]";"Gare d'Ermont Eaubonne";"14:01"
"H";"[]";"Gare d'Ermont Eaubonne";"14:07"
"H";"[]";"Gare d'Ermont Eaubonne";"14:08"
"H";"[]";"Gare d'Ermont Eaubonne";"14:20"
"H";"[]";"Gare d'Ermont Eaubonne";"14:21"
"H";"[]";"Gare d'Ermont Eaubonne";"14:23"
"H";"[]";"Gare d'Ermont Eaubonne";"14:27"
"H";"[]";"Gare d'Ermont Eaubonne";"14:33"
"H";"[]";"Gare d'Ermont Eaubonne";"14:38"
"H";"[]";"Gare d'Ermont Eaubonne";"14:41"
"H";"[]";"Gare d'Ermont Eaubonne";"14:46"
"H";"[]";"Gare d'Ermont Eaubonne";"14:53"
"H";"[]";"Gare d'Ermont Eaubonne";"14:56"
"H";"[]";"Gare d'Ermont Eaubonne";"15:00"
"H";"[]";"Gare d'Ermont Eaubonne";"15:01"
"H";"[]";"Gare d'Ermont Eaubonne";"15:08"
"H";"[]";"Gare d'Ermont Eaubonne";"15:13"
"H";"[]";"Gare d'Ermont Eaubonne";"15:21"
"H";"[]";"Gare d'Ermont Eaubonne";"15:24"
"H";"[]";"Gare d'Ermont Eaubonne";"15:26"
"H";"[]";"Gare d'Ermont Eaubonne";"15:28"
"H";"[]";"Gare d'Ermont Eaubonne";"15:39"
"H";"[]";"Gare d'Ermont Eaubonne";"15:40"
"H";"[]";"Gare d'Ermont Eaubonne";"15:41"
"H";"[]";"Gare d'Ermont Eaubonne";"15:53"
"H";"[]";"Gare d'Ermont Eaubonne";"15:55"
"H";"[]";"Gare d'Ermont Eaubonne";"16:01"
"H";"[]";"Gare d'Ermont Eaubonne";"16:02"
"H";"[]";"Gare d'Ermont Eaubonne";"16:06"
"H";"[]";"Gare d'Ermont Eaubonne";"16:10"
"H";"[]";"Gare d'Ermont Eaubonne";"16:19"
"H";"[]";"Gare d'Ermont Eaubonne";"16:21"
"H";"[]";"Gare d'Ermont Eaubonne";"16:25"
"H";"[]";"Gare d'Ermont Eaubonne";"16:28"
"H";"[]";"Gare d'Ermont Eaubonne";"16:32"
"H";"[]";"Gare d'Ermont Eaubonne";"16:40"
"H";"[]";"Gare d'Ermont Eaubonne";"16:42"
"H";"[]";"Gare d'Ermont Eaubonne";"16:47"
"H";"[]";"Gare d'Ermont Eaubonne";"16:55"
"H";"[]";"Gare d'Ermont Eaubonne";"17:00"
"H";"[]";"Gare d'Ermont Eaubonne";"17:01"
"H";"[]";"Gare d'Ermont Eaubonne";"17:08"
"H";"[]";"Gare d'Ermont Eaubonne";"17:10"
"H";"[]";"Gare d'Ermont Eaubonne";"17:16"
"H";"[]";"Gare d'Ermont Eaubonne";"17:21"
"H";"[]";"Gare d'Ermont Eaubonne";"17:24"
"H";"[]";"Gare d'Ermont Eaubonne";"17:25"
"H";"[]";"Gare d'Ermont Eaubonne";"17:32"
"H";"[]";"Gare d'Ermont Eaubonne";"17:33"
"H";"[]";"Gare d'Ermont Eaubonne";"17:40"
"H";"[]";"Gare d'Ermont Eaubonne";"17:41"
"H";"[]";"Gare d'Ermont Eaubonne";"17:48"
"H";"[]";"Gare d'Ermont Eaubonne";"17:55"
"H";"[]";"Gare d'Ermont Eaubonne";"17:56"
"H";"[]";"Gare d'Ermont Eaubonne";"18:00"
"H";"[]";"Gare d'Ermont Eaubonne";"18:01"
"H";"[]";"Gare d'Ermont Eaubonne";"18:04"
"H";"[]";"Gare d'Ermont Eaubonne";"18:08"
"H";"[]";"Gare d'Ermont Eaubonne";"18:10"
"H";"[]";"Gare d'Ermont Eaubonne";"18:11"
"H";"[]";"Gare d'Ermont Eaubonne";"18:18"
"H";"[]";"Gare d'Ermont Eaubonne";"18:19"
"H";"[]";"Gare d'Ermont Eaubonne";"18:21"
"H";"[]";"Gare d'Ermont Eaubonne";"18:25"
"H";"[]";"Gare d'Ermont Eaubonne";"18:26"
"H";"[]";"Gare d'Ermont Eaubonne";"18:34"
"H";"[]";"Gare d'Ermont Eaubonne";"18:40"
"H";"[]";"Gare d'Ermont Eaubonne";"18:41"
"H";"[]";"Gare d'Ermont Eaubonne";"18:42"
"H";"[]";"Gare d'Ermont Eaubonne";"18:51"
"H";"[]";"Gare d'Ermont Eaubonne";"18:52"
"H";"[]";"Gare d'Ermont Eaubonne";"18:55"
"H";"[]";"Gare d'Ermont Eaubonne";"18:59"
"H";"[]";"Gare d'Ermont Eaubonne";"19:01"
"H";"[]";"Gare d'Ermont Eaubonne";"19:05"
"H";"[]";"Gare d'Ermont Eaubonne";"19:07"
"H";"[]";"Gare d'Ermont Eaubonne";"19:10"
"H";"[]";"Gare d'Ermont Eaubonne";"19:13"
"H";"[]";"Gare d'Ermont Eaubonne";"19:21"
"H";"[]";"Gare d'Ermont Eaubonne";"19:22"
"H";"[]";"Gare d'Ermont Eaubonne";"19:27"
"H";"[]";"Gare d'Ermont Eaubonne";"19:29"
"H";"[]";"Gare d'Ermont Eaubonne";"19:35"
"H";"[]";"Gare d'Ermont Eaubonne";"19:37"
"H";"[]";"Gare d'Ermont Eaubonne";"19:40"
"H";"[]";"Gare d'Ermont Eaubonne";"19:41"
"H";"[]";"Gare d'Ermont Eaubonne";"19:45"
"H";"[]";"Gare d'Ermont Eaubonne";"19:50"
"H";"[]";"Gare d'Ermont Eaubonne";"19:57"
"H";"[]";"Gare d'Ermont Eaubonne";"19:59"
"H";"[]";"Gare d'Ermont Eaubonne";"20:00"
"H";"[]";"Gare d'Ermont Eaubonne";"20:12"
"H";"[]";"Gare d'Ermont Eaubonne";"20:13"
"H";"[]";"Gare d'Ermont Eaubonne";"20:14"
"H";"[]";"Gare d'Ermont Eaubonne";"20:19"
"H";"[]";"Gare d'Ermont Eaubonne";"20:20"
"H";"[]";"Gare d'Ermont Eaubonne";"20:25"
"H";"[]";"Gare d'Ermont Eaubonne";"20:39"
"H";"[]";"Gare d'Ermont Eaubonne";"20:40"
"H";"[]";"Gare d'Ermont Eaubonne";"20:48"
"H";"[]";"Gare d'Ermont Eaubonne";"20:53"
"H";"[]";"Gare d'Ermont Eaubonne";"21:08"
"H";"[]";"Gare d'Ermont Eaubonne";"21:18"
"H";"[]";"Gare d'Ermont Eaubonne";"21:23"
"H";"[]";"Gare d'Ermont Eaubonne";"21:38"
"H";"[]";"Gare d'Ermont Eaubonne";"21:51"
"H";"[]";"Gare d'Ermont Eaubonne";"21:53"
"H";"[]";"Gare d'Ermont Eaubonne";"21:58"
"H";"[]";"Gare d'Ermont Eaubonne";"22:06"
"H";"[]";"Gare d'Ermont Eaubonne";"22:07"
"H";"[]";"Gare d'Ermont Eaubonne";"22:18"
"H";"[]";"Gare d'Ermont Eaubonne";"22:21"
"H";"[]";"Gare d'Ermont Eaubonne";"22:22"
"H";"[]";"Gare d'Ermont Eaubonne";"22:37"
"H";"[]";"Gare d'Ermont Eaubonne";"22:51"
"H";"[]";"Gare d'Ermont Eaubonne";"22:52"
"H";"[]";"Gare d'Ermont Eaubonne";"22:53"
"H";"[]";"Gare d'Ermont Eaubonne";"23:05"
"H";"[]";"Gare d'Ermont Eaubonne";"23:07"
"H";"[]";"Gare d'Ermont Eaubonne";"23:21"
"H";"[]";"Gare d'Ermont Eaubonne";"23:22"
"H";"[]";"Gare d'Ermont Eaubonne";"23:28"
"H";"[]";"Gare d'Ermont Eaubonne";"23:43"
"H";"[]";"Gare d'Ermont Eaubonne";"23:51"
"H";"[]";"Gare d'Ermont Eaubonne";"23:52"
"H";"[]";"Gare d'Ermont Eaubonne";"23:56"
"H";"[]";"Gare d'Ermont Eaubonne";"23:58"
"H";"[]";"Gare d'Ermont Eaubonne";"24:18"
"H";"[]";"Gare d'Ermont Eaubonne";"24:20"
"H";"[]";"Gare d'Ermont Eaubonne";"24:26"
"H";"[]";"Gare d'Ermont Eaubonne";"24:28"
"H";"[]";"Gare d'Ermont Eaubonne";"24:32"
"H";"[]";"Gare d'Ermont Eaubonne";"24:33"
"H";"[]";"Gare d'Ermont Eaubonne";"24:38"
"H";"[]";"Gare d'Ermont Eaubonne";"24:50"
"H";"[]";"Gare d'Ermont Eaubonne";"24:58"
"H";"[]";"Gare d'Ermont Eaubonne";"25:20"
